<?xml version="1.0" encoding="utf-8"?>
<!--Exported by: Michael (192.168.3.51) at 17.06.2021_17-03-32-->
<macros>
  <macro name="goob_ship_jb1_macro" class="ship_l">
    <component ref="goob_ship_jb1" />
    <properties>
      <identification name="{999834,1}" basename="{999834,1}" description="{999833,3}" icon="ship_l_fight_01" />
      <software>
        <software ware="software_dockmk2" compatible="1" />
        <software ware="software_flightassistmk1" default="1" />
        <software ware="software_scannerlongrangemk1" default="1" />
        <software ware="software_scannerlongrangemk2" compatible="1" />
        <software ware="software_scannerobjectmk1" default="1" />
        <software ware="software_scannerobjectmk2" compatible="1" />
        <software ware="software_targetmk1" default="1" />
        <software ware="software_trademk1" compatible="1" />
      </software>
      <explosiondamage value="1000" shield="5000" />
      <storage missile="160" unit="10" />
      <hull max="93000" />
      <secrecy level="2" />
      <purpose primary="fight" />
      <people capacity="44" />
      <sounds>
        <shipdetail ref="shipdetail_ship_l_01" />
      </sounds>
      <physics mass="20">
        <inertia pitch="96.271" yaw="96.271" roll="77.016" />
        <drag forward="10" reverse="40" horizontal="7" vertical="7" pitch="100" yaw="100" roll="100" />
      </physics>
      <thruster tags="large" />
      <ship type="destroyer" />
    </properties>
    <connections>
      <connection ref="con_cockpit">
        <macro ref="bridge_arg_l_01_macro" connection="con_cockpit" />
      </connection>
      <!-- <connection ref="con_dockarea_arg_s_ship_03">
        <macro ref="dockarea_arg_s_ship_03_macro" connection="Connection01" />
      </connection> -->
      <connection ref="con_dock_xs_01">
        <macro ref="dock_gen_xs_ship_01_macro" connection="Connection_component" />
      </connection>
      <!-- <connection ref="con_shipstorage_s_01">
        <macro ref="shipstorage_gen_s_01_macro" connection="object" />
      </connection> -->
      <connection ref="con_shipstorage_xs_01">
        <macro ref="shipstorage_gen_xs_01_macro" connection="object" />
      </connection>
      <connection ref="con_storage_01">
        <macro ref="storage_arg_l_destroyer_01_a_macro" connection="ShipConnection" />
      </connection>
    </connections>
  </macro>
</macros>