<?xml version="1.0"?>
<diff>
<add sel="//materiallibrary">
    <collection name="goob">
        <material name="goob_ship_jb1" shader="P1_complex_surface.fx" blendmode="NONE" preview="none">
            <properties>
		    <property type="BitMap" name="smooth_map" value="extensions\goob_drifter_battleship\assets\textures\goob_ship_jb1\jb1_t1_a" />
            <property type="BitMap" name="metal_map" value="extensions\goob_drifter_battleship\assets\textures\goob_ship_jb1\jb1_t1_m" />
            <property type="BitMap" name="diffuse_map" value="extensions\goob_drifter_battleship\assets\textures\goob_ship_jb1\jb1_t1_d" />
            <property type="BitMap" name="normal_map" value="extensions\goob_drifter_battleship\assets\textures\goob_ship_jb1\jb1_t1_n" />
            <property type="BitMap" name="color_glow_map" value="extensions\goob_drifter_battleship\assets\textures\goob_ship_jb1\jb1_t1_g" />
            <property type="Float" name="diffuseStr" value="1.0" />
            <property type="Float" name="normalStr" value="1.0" />
            <property type="Float" name="color_glowStr" value="0.5" />
            <property type="Float" name="color_dirtStr" value="1.0" />
            <property type="Float" name="environmentStr" value="0.5" />
            <property type="Float" name="Smoothness" value="1.0" />
            <property type="Float" name="Metallness" value="1.0" />
            <property type="BitMap" name="diffuse_paint_map" value="assets\textures\generic\generic_p1_dirt_03_diff" />
            <property type="BitMap" name="color_dirt_map" value="assets\textures\generic\generic_p1_dirt_02_diff" />
            <property type="BitMap" name="diffuse_detail_map" value="assets\textures\generic\generic_p1_detail_02_diff" />
            <property type="BitMap" name="normal_detail_map" value="assets\textures\generic\generic_p1_detail_01_normal" />
            <property type="Float" name="normal_detail_tiling" value="10.0" />
            <property type="Float" name="normal_detail_tiling_v" value="5.0" />
            <property type="Float" name="normal_detailStr" value="0.05" />
            <property type="Float" name="color_dirt_tiling" value="5.0" />
            <property type="Float" name="color_dirt_tiling_v" value="10.0" />
            <property type="Float" name="diffuse_detail_tiling" value="10.0" />
            <property type="Float" name="diffuse_detail_tiling_v" value="5.0" />
            <property type="Float" name="diffuse_detailStr" value="1.0" />
            <property type="Float" name="diffuse_paintStr" value="1.0" />
            </properties>
        </material>
    </collection>
</add>
</diff>