<?xml version="1.0" encoding="utf-8"?>
<diff>
	<add sel="/wares">
		<ware id="goob_ship_jb1_ware" name="Drifter" description="{999834,3}" group="ships_argon" transport="ship" volume="1" tags="ship">
			<price min="418821" average="498612" max="547268" />
			<production time="1" amount="1" method="default" name="{999834,4}">
				<primary>
					<ware ware="energycells" amount="90" />
					<ware ware="hullparts" amount="233" />
				</primary>
			</production>
			<component ref="goob_ship_jb1_macro" amount="1" />
			<restriction licence="militaryship" />
			<owner faction="argon" />
		</ware>
    </add>
</diff>
