<?xml version="1.0" encoding="utf-8"?>
<content id="Drifter Battleship" name="Drifter Battleship" description="Adds the Drifter Battleship to the Argon wharf" author="GoobleSnorf" version="103" date="2023-06-26" save="0" enabled="1">
	<text language="7" name="Drifter Battleship" description="Adds the Drifter Battleship to the Argon wharf" author="GoobleSnorf" />
	<text language="33" name="Drifter Battleship" description="Adds the Drifter Battleship to the Argon wharf" author="GoobleSnorf" />
	<text language="34" name="Drifter Battleship" description="Adds the Drifter Battleship to the Argon wharf" author="GoobleSnorf" />
	<text language="39" name="Drifter Battleship" description="Adds the Drifter Battleship to the Argon wharf" author="GoobleSnorf" />
	<text language="44" name="Drifter Battleship" description="Adds the Drifter Battleship to the Argon wharf" author="GoobleSnorf" />
	<text language="45" name="Drifter Battleship" description="Adds the Drifter Battleship to the Argon wharf" author="GoobleSnorf" />
	<text language="49" name="Drifter Battleship" description="Adds the Drifter Battleship to the Argon wharf" author="GoobleSnorf" />
	<text language="81" name="Drifter Battleship" description="Adds the Drifter Battleship to the Argon wharf" author="GoobleSnorf" />
	<text language="82" name="Drifter Battleship" description="Adds the Drifter Battleship to the Argon wharf" author="GoobleSnorf" />
	<text language="86" name="Drifter Battleship" description="Adds the Drifter Battleship to the Argon wharf" author="GoobleSnorf" />
	<text language="88" name="Drifter Battleship" description="Adds the Drifter Battleship to the Argon wharf" author="GoobleSnorf" />
</content>