<?xml version='1.0' encoding='UTF-8'?>
<components>
  <component class="ship_l" name="goob_ship_jb1">
    <layers>
      <layer>
        <waypoints>
          <waypoint name="mt_lane_01_waypoint_01" tags="end typedock speed_normal dynamicmasstraffic " x="-4.956785202026367" y="-14.981260299682617" z="433.3528747558594" qw="1.0" qx="-0.0" qy="-0.0" qz="-0.0"/>
          <waypoint name="mt_lane_01_waypoint_02" tags="typenormal speed_normal dynamicmasstraffic " x="-4.956785202026367" y="-14.981260299682617" z="682.744873046875" qw="1.0" qx="-0.0" qy="-0.0" qz="-0.0">
            <links>
              <link ref="mt_lane_01_waypoint_01"/>
            </links>
          </waypoint>
          <waypoint name="mt_lane_01_waypoint_03" tags="speed_normal typenormal dynamicmasstraffic " x="-13.52646255493164" y="2.2154541015625" z="729.6685791015625" qw="1.0" qx="-0.0" qy="-0.0" qz="-0.0">
            <links>
              <link ref="mt_lane_01_waypoint_02"/>
            </links>
          </waypoint>
          <waypoint name="mt_lane_01_waypoint_04" tags="start closelink speed_normal typenormal dynamicmasstraffic " x="-13.52646255493164" y="2.2154541015625" z="776.8067626953125" qw="1.0" qx="-0.0" qy="-0.0" qz="-0.0">
            <links>
              <link ref="mt_lane_01_waypoint_03"/>
            </links>
          </waypoint>
          <waypoint name="mt_lane_01_waypoint_05" tags="speed_normal typenormal dynamicmasstraffic " x="13.52646255493164" y="2.2154541015625" z="729.6685791015625" qw="1.0" qx="-0.0" qy="-0.0" qz="-0.0">
            <links>
              <link ref="mt_lane_01_waypoint_02"/>
            </links>
          </waypoint>
          <waypoint name="mt_lane_01_waypoint_06" tags="start typenormal speed_normal closelink dynamicmasstraffic " x="13.52646255493164" y="2.2154541015625" z="776.8067626953125" qw="1.0" qx="-0.0" qy="-0.0" qz="-0.0">
            <links>
              <link ref="mt_lane_01_waypoint_05"/>
            </links>
          </waypoint>
          <waypoint name="mt_lane_02_waypoint_01" tags="start typedock speed_normal dynamicmasstraffic " x="4.923166275024414" y="-14.981260299682617" z="433.3528747558594" qw="1.0" qx="-0.0" qy="-0.0" qz="-0.0">
            <links>
              <link ref="mt_lane_02_waypoint_02"/>
            </links>
          </waypoint>
          <waypoint name="mt_lane_02_waypoint_02" tags="typenormal speed_normal dynamicmasstraffic " x="4.923166275024414" y="-14.981260299682617" z="682.744873046875" qw="1.0" qx="-0.0" qy="-0.0" qz="-0.0">
            <links>
              <link ref="mt_lane_02_waypoint_05"/>
              <link ref="mt_lane_02_waypoint_03"/>
            </links>
          </waypoint>
          <waypoint name="mt_lane_02_waypoint_03" tags="typenormal speed_normal dynamicmasstraffic " x="-13.52646255493164" y="-32.177978515625" z="729.6685791015625" qw="1.0" qx="-0.0" qy="-0.0" qz="-0.0">
            <links>
              <link ref="mt_lane_02_waypoint_04"/>
            </links>
          </waypoint>
          <waypoint name="mt_lane_02_waypoint_04" tags="end closelink typenormal speed_normal dynamicmasstraffic " x="-13.52646255493164" y="-32.177978515625" z="776.8067626953125" qw="1.0" qx="-0.0" qy="-0.0" qz="-0.0"/>
          <waypoint name="mt_lane_02_waypoint_05" tags="typenormal speed_normal dynamicmasstraffic " x="13.52646255493164" y="-32.177978515625" z="729.6685791015625" qw="1.0" qx="-0.0" qy="-0.0" qz="-0.0">
            <links>
              <link ref="mt_lane_02_waypoint_06"/>
            </links>
          </waypoint>
          <waypoint name="mt_lane_02_waypoint_06" tags="end typenormal speed_normal dynamicmasstraffic closelink " x="13.526458740234375" y="-32.177978515625" z="776.8067626953125" qw="1.0" qx="-0.0" qy="-0.0" qz="-0.0"/>
        </waypoints>
      </layer>
    </layers>
    <connections>
      <connection name="ConnectionForpart_main" tags="part ">
        <offset/>
        <parts>
          <part name="part_main">
            <size>
              <max x="411.3553466796875" y="1330.4757690429688" z="180.61509704589844"/>
              <center x="0.0" y="-0.313934326171875" z="19.232749938964844"/>
            </size>
          </part>
        </parts>
      </connection>
      <connection name="ConnectionForpart_halo" tags="nocollision part detail_xs ">
        <offset/>
        <parts>
          <part name="part_halo">
            <size>
              <max x="607.7331848144531" y="650.819411277771" z="418.78758239746094"/>
              <center x="8.392333984375e-05" y="-312.8288879394531" z="7.659141540527344"/>
            </size>
          </part>
        </parts>
      </connection>
      <connection name="ConnectionForpart_bow_effect" tags="nocollision part detail_xs ">
        <offset/>
        <parts>
          <part name="part_bow_effect">
            <size>
              <max x="158.7273712158203" y="64.0635986328125" z="23.65677058696747"/>
              <center x="-8.392333984375e-05" y="647.8857421875" z="13.304710388183594"/>
            </size>
          </part>
        </parts>
      </connection>
      <connection name="ConnectionForpart_antenna_effect" tags="nocollision part detail_xs ">
        <offset/>
        <parts>
          <part name="part_antenna_effect">
            <size>
              <max x="425.02024841308594" y="855.7142639160156" z="302.841796875"/>
              <center x="-4.1961669921875e-05" y="84.80369567871094" z="-24.584259033203125"/>
            </size>
          </part>
        </parts>
      </connection>
      <connection name="ConnectionFordetail_s_antennae" tags="nocollision part detail_s ">
        <offset/>
        <parts>
          <part name="detail_s_antennae">
            <size>
              <max x="489.76734924316406" y="1304.6956787109375" z="411.0778350830078"/>
              <center x="5.340576171875e-05" y="24.93487548828125" z="-5.340576171875e-05"/>
            </size>
          </part>
        </parts>
      </connection>
      <connection name="con_storage_01" tags="storage ">
        <offset/>
      </connection>
      <connection name="con_shipstorage_xs_01" tags="dockingbay ">
        <offset/>
      </connection>
      <connection name="con_shield_xl_02" tags="standard shield extralarge " group=" ">
        <offset>
          <quaternion qw="-0.059456389397382736" qx="-0.9982309341430664" qy="-0.0" qz="-0.0"/>
          <position x="-45.90299987792969" y="-20.48076820373535" z="-45.81331253051758"/>
        </offset>
      </connection>
      <connection name="con_shield_xl_01" tags="standard shield extralarge " group=" ">
        <offset>
          <quaternion qw="-0.059456389397382736" qx="-0.9982309341430664" qy="-0.0" qz="-0.0"/>
          <position x="45.90303039550781" y="-20.48076820373535" z="-45.81331253051758"/>
        </offset>
      </connection>
      <connection name="con_shield_l_05" tags="large standard shield " group="turrets_l_midship_port ">
        <offset>
          <quaternion qw="-0.05682599917054176" qx="0.9943609833717346" qy="0.08939754962921143" qz="-0.0051088836044073105"/>
          <position x="-108.40799713134766" y="8.886381149291992" z="29.382579803466797"/>
        </offset>
      </connection>
      <connection name="con_shield_l_04" tags="large standard shield " group="turrets_l_midship_starboard ">
        <offset>
          <quaternion qw="0.05682562291622162" qx="-0.9943605661392212" qy="0.08939754962921143" qz="-0.0051088836044073105"/>
          <position x="108.40841674804688" y="8.886381149291992" z="29.382579803466797"/>
        </offset>
      </connection>
      <connection name="con_shield_l_03" tags="large standard shield " group="engines ">
        <offset>
          <quaternion qw="-4.371138828673793e-08" qx="-1.0" qy="0.0" qz="-0.0"/>
          <position x="-1.199275325314969e-13" y="-69.53104400634766" z="-547.3790893554688"/>
        </offset>
      </connection>
      <connection name="con_shield_l_02" tags="large standard shield " group="turrets_l_bow_port ">
        <offset>
          <quaternion qw="-4.371138828673793e-08" qx="-1.0" qy="0.0" qz="-0.0"/>
          <position x="-63.94049835205078" y="-3.534771203994751" z="471.58575439453125"/>
        </offset>
      </connection>
      <connection name="con_shield_l_01" tags="large standard shield " group="turrets_l_bow_starboard ">
        <offset>
          <quaternion qw="-4.371138828673793e-08" qx="-1.0" qy="0.0" qz="-0.0"/>
          <position x="63.94049835205078" y="-3.534771203994751" z="471.58575439453125"/>
        </offset>
      </connection>
      <connection name="con_room_02" tags="dynamicroom window ">
        <offset>
          <position x="80.6572036743164" y="97.09302520751953" z="-79.0879898071289"/>
        </offset>
      </connection>
      <connection name="con_room_01" tags="dynamicroom window ">
        <offset>
          <position x="-80.65721130371094" y="97.09302520751953" z="-79.0879898071289"/>
        </offset>
      </connection>
      <connection name="con_playercontrol_01" tags="playercontrol ">
        <offset>
          <position x="2.9777868348901393e-07" y="120.74170684814453" z="-37.290802001953125"/>
        </offset>
      </connection>
      <connection name="con_l_turret_12" tags="large standard turret combat missile " group="turrets_l_midship_port ">
        <offset>
          <quaternion qw="-0.7631660103797913" qx="-0.23085199296474457" qy="0.5899230241775513" qz="-0.127579003572464"/>
          <position x="-125.59500122070312" y="31.702499389648438" z="-18.660200119018555"/>
        </offset>
      </connection>
      <connection name="con_l_turret_11" tags="large standard turret combat missile " group="turrets_l_midship_port ">
        <offset>
          <quaternion qw="-0.7552139759063721" qx="-0.26219600439071655" qy="0.5766755938529968" qz="-0.16837409138679504"/>
          <position x="-109.39700317382812" y="27.87215805053711" z="43.25516128540039"/>
        </offset>
      </connection>
      <connection name="con_l_turret_10" tags="large standard turret combat missile " group="turrets_l_midship_port ">
        <offset>
          <quaternion qw="-0.7459319829940796" qx="-0.29047900438308716" qy="0.5629590153694153" qz="-0.20563000440597534"/>
          <position x="-99.02110290527344" y="20.20345115661621" z="110.74813842773438"/>
        </offset>
      </connection>
      <connection name="con_l_turret_09" tags="large standard turret combat missile " group="turrets_l_midship_starboard ">
        <offset>
          <quaternion qw="0.7631659507751465" qx="0.23085185885429382" qy="0.5899227261543274" qz="-0.12757869064807892"/>
          <position x="125.59483337402344" y="31.702510833740234" z="-18.660219192504883"/>
        </offset>
      </connection>
      <connection name="con_l_turret_08" tags="large standard turret combat missile " group="turrets_l_midship_starboard ">
        <offset>
          <quaternion qw="0.7552144527435303" qx="0.2621956765651703" qy="0.5766755938529968" qz="-0.16837409138679504"/>
          <position x="109.39716339111328" y="27.87215805053711" z="43.25516128540039"/>
        </offset>
      </connection>
      <connection name="con_l_turret_07" tags="large standard turret combat missile " group="turrets_l_midship_starboard ">
        <offset>
          <quaternion qw="0.7459319829940796" qx="0.29047900438308716" qy="0.5629590153694153" qz="-0.20563000440597534"/>
          <position x="99.02111053466797" y="20.20345115661621" z="110.74813842773438"/>
        </offset>
      </connection>
      <connection name="con_l_turret_06" tags="large standard turret combat missile " group="turrets_l_bow_starboard ">
        <offset>
          <quaternion qw="0.9455762505531311" qx="-0.0" qy="-0.0" qz="-0.3254006505012512"/>
          <position x="71.88619995117188" y="13.536399841308594" z="399.72003173828125"/>
        </offset>
      </connection>
      <connection name="con_l_turret_05" tags="large standard turret combat missile " group="turrets_l_bow_port ">
        <offset>
          <quaternion qw="0.9455762505531311" qx="-0.0" qy="-0.0" qz="0.3254006505012512"/>
          <position x="-71.88619995117188" y="13.536399841308594" z="399.7200012207031"/>
        </offset>
      </connection>
      <connection name="con_l_turret_04" tags="large standard turret combat missile " group="turrets_l_bow_starboard ">
        <offset>
          <quaternion qw="0.957807719707489" qx="-0.0" qy="-0.0" qz="-0.28740981221199036"/>
          <position x="65.60160064697266" y="15.034899711608887" z="472.1410217285156"/>
        </offset>
      </connection>
      <connection name="con_l_turret_03" tags="large standard turret combat missile " group="turrets_l_bow_port ">
        <offset>
          <quaternion qw="0.957807719707489" qx="-0.0" qy="-0.0" qz="0.28740981221199036"/>
          <position x="-65.60160064697266" y="15.034899711608887" z="472.1409912109375"/>
        </offset>
      </connection>
      <connection name="con_l_turret_02" tags="large standard turret combat missile " group="turrets_l_bow_starboard ">
        <offset>
          <quaternion qw="0.9483815431594849" qx="-0.0" qy="-0.0" qz="-0.3171316683292389"/>
          <position x="56.8109016418457" y="16.281600952148438" z="547.906982421875"/>
        </offset>
      </connection>
      <connection name="con_l_turret_01" tags="large standard turret combat missile " group="turrets_l_bow_port ">
        <offset>
          <quaternion qw="0.9483815431594849" qx="-0.0" qy="-0.0" qz="0.3171316683292389"/>
          <position x="-56.8109016418457" y="16.281600952148438" z="547.906982421875"/>
        </offset>
      </connection>
      <connection name="con_engine_l_01" tags="engine large standard " group="engines ">
        <offset>
          <position x="4.953762527293293e-06" y="-53.53765869140625" z="-577.342041015625"/>
        </offset>
      </connection>
      <connection name="con_dock_xs_01" tags="dock_xs ">
        <offset>
          <quaternion qw="0.7071067690849304" qx="0.7071067690849304" qy="-0.0" qz="-0.0"/>
          <position x="0.0" y="-51.662498474121094" z="-344.18798828125"/>
        </offset>
      </connection>
      <connection name="con_countermeasures_05" tags="countermeasures ">
        <offset>
          <position x="0.0" y="-39.28758239746094" z="-665.4981079101562"/>
        </offset>
      </connection>
      <connection name="con_countermeasures_04" tags="countermeasures ">
        <offset>
          <position x="-80.0165023803711" y="2.0291991233825684" z="664.7301635742188"/>
        </offset>
      </connection>
      <connection name="con_countermeasures_03" tags="countermeasures ">
        <offset>
          <position x="80.01653289794922" y="2.0291991233825684" z="664.7301635742188"/>
        </offset>
      </connection>
      <connection name="con_countermeasures_02" tags="countermeasures ">
        <offset>
          <position x="205.67300415039062" y="3.3450205326080322" z="-64.50120544433594"/>
        </offset>
      </connection>
      <connection name="con_countermeasures_01" tags="countermeasures ">
        <offset>
          <position x="-205.67327880859375" y="3.3450205326080322" z="-64.50120544433594"/>
        </offset>
      </connection>
      <connection name="con_cockpit" tags="cockpit cockpit_visible ">
        <offset>
          <position x="2.977786550673045e-07" y="120.7246322631836" z="-36.10614013671875"/>
        </offset>
      </connection>
      <connection name="con_aimtarget" tags="aimtarget ">
        <offset>
          <position x="-7.184447667896166e-07" y="34.83357238769531" z="-10.099190711975098"/>
        </offset>
      </connection>
      <connection name="ConnectionForanim_hatch_01" tags="nocollision forceoutline detail_xl anim_dockdoor animation ">
        <offset>
          <position x="0.0" y="-52.955299377441406" z="-344.32904052734375"/>
        </offset>
        <animations>
          <animation name="dockingbay_closed" start="1" end="2"/>
          <animation name="dockingbay_opening" start="2" end="26"/>
          <animation name="dockingbay_open" start="26" end="27"/>
          <animation name="dockingbay_closing" start="27" end="51"/>
        </animations>
        <parts>
          <part name="anim_hatch_01">
            <size>
              <max x="3.1047180891036987" y="3.144302487373352" z="0.39350280351936817"/>
              <center x="0.0003403127193450928" y="0.001977264881134033" z="-0.17527320981025696"/>
            </size>
          </part>
        </parts>
      </connection>
      <connection name="space" tags="ship ship_l"/>
      <connection name="position" tags="position" value="1"/>
      <connection name="container" tags="contents" value="0"/>
    </connections>
    <source geometry="extensions\goob_drifter_battleship\assets\units\size_l\goob_ship_jb1_data"/>
  </component>
</components>
